-4.962,-0.0056493,1
-4.8703,0.063532,1
-5.1597,0.01299,1
-4.939,0.020562,1
-4.9775,0.0079864,1
-5.0925,0.031109,1
-5.0307,0.0071886,1
-4.9758,0.19709,1
-4.747,-0.082496,1
-4.8042,-0.13112,1
-5.0955,-0.080658,1
-4.7854,-0.077311,1
-4.9487,-0.030661,1
-5.0045,-0.011913,1
-4.9495,-0.015453,1
-5.0145,0.038278,1
-5.0088,0.027525,1
-4.8947,0.05312,1
-4.9004,0.12574,1
-4.8998,0.086484,1
-4.9525,-0.09074,1
-5.0854,-0.16468,1
-4.9493,0.063776,1
-4.8847,-0.1298,1
-4.9654,0.0047204,1
-4.9268,0.0025088,1
-4.9486,0.15748,1
-5.0215,-0.0048942,1
-4.9792,-0.035873,1
-5.0557,0.016674,1
-4.9372,0.017381,1
-5.0811,0.0049529,1
-5.0756,-0.043033,1
-5.0572,-0.08645,1
-5.2082,0.02238,1
-4.8983,-0.094955,1
-4.977,-0.072986,1
-5.0534,0.094131,1
-4.9031,-0.029621,1
-5.121,-0.0099222,1
-5.0072,0.063627,1
-5.0171,-0.021221,1
-4.9774,0.072787,1
-4.9779,-0.0244,1
-5.0612,0.071616,1
-5.0021,0.044501,1
-5.0117,-0.015062,1
-4.9556,-0.061214,1
-4.9227,-0.073759,1
-4.9216,-0.019097,1
-5.0611,-0.030981,1
-4.9945,-0.028898,1
-5.0859,0.069547,1
-5.0787,-0.02105,1
-5.0005,0.08087,1
-4.8916,-0.037591,1
-5.0544,0.068771,1
-4.9737,-0.036929,1
-5.016,0.012486,1
-4.921,0.068642,1
-5.077,-0.029272,1
-4.9977,-0.03099,1
-4.9609,0.14166,1
-4.9222,0.067245,1
-4.8908,-0.030547,1
-4.9939,0.045887,1
-5.1055,-0.025461,1
-5.0525,0.049914,1
-5.0751,0.10012,1
-4.8338,-0.11346,1
-5.0435,0.072751,1
-4.9471,0.10309,1
-5.0136,0.0033567,1
-4.9372,0.12348,1
-5.0541,0.010988,1
-5.0992,-0.087478,1
-5.1006,-0.1551,1
-4.9655,-0.023575,1
-5.0125,0.050455,1
-5.0139,0.022444,1
-4.8996,0.029247,1
-4.9794,-0.040806,1
-4.986,0.010182,1
-4.8877,-0.11587,1
-5.0569,-0.053746,1
-4.9507,-0.057897,1
-4.941,0.03675,1
-5.0172,-0.0010013,1
-4.9847,-0.081708,1
-5.0824,-0.00067351,1
-5.0812,-0.048777,1
-4.9926,-0.047143,1
-4.9489,0.061105,1
-4.8172,0.00802,1
-5.0472,0.028169,1
-4.9868,0.062506,1
-5.0058,0.012746,1
-5.1367,0.038951,1
-5.031,0.048293,1
-5.1269,0.082775,1
-4.9406,0.033648,1
-5.0628,0.09986,1
-4.9929,0.0015987,1
-5.0385,-0.0033849,1
-4.9785,0.1203,1
-5.0424,-0.036042,1
-4.9654,-0.00020188,1
-4.9477,0.065044,1
-4.879,0.010593,1
-5.0137,0.099344,1
-5.1512,0.073123,1
-5.0594,0.020617,1
-4.9042,-0.054992,1
-5.0758,0.040071,1
-4.9321,-0.097766,1
-4.9912,0.017287,1
-4.8984,0.057165,1
-5.1387,0.015064,1
-5.014,0.062203,1
-5.0854,0.14417,1
-4.7944,0.065332,1
-4.9416,0.018874,1
-4.9025,0.045372,1
-5.0748,0.030086,1
-5.0331,-0.092965,1
-5.0193,-0.029445,1
-4.9223,0.086599,1
-5.0196,-0.0030819,1
-4.9504,0.041184,1
-5.1451,-0.07117,1
-5.025,0.004562,1
-5.0582,0.042447,1
-5.1115,-0.096274,1
-4.9641,0.024579,1
-4.9801,-0.012858,1
-4.9976,-0.066435,1
-5.0943,-0.002654,1
-4.9203,-0.13409,1
-4.9752,-0.15047,1
-5.0211,-0.083221,1
-4.9984,-0.070041,1
-5.0185,-0.082946,1
-5.1238,-0.12201,1
-5.0202,0.020381,1
-5.0588,-0.11273,1
-5.0692,0.0077936,1
-5.0818,0.055654,1
-5.0377,-0.00015746,1
-5.1416,0.0065838,1
-4.9318,-0.02674,1
-4.9632,-0.10484,1
-5.0014,-0.0030984,1
-5.0025,0.067941,1
-5.0564,0.12291,1
-4.928,-0.03042,1
-5.0094,-0.11507,1
-5.0505,0.011763,1
-4.9044,0.026606,1
-5.0159,-0.016048,1
-5.0417,-0.08124,1
-5.0208,0.14314,1
-5.06,-0.16684,1
-5.0792,-0.03606,1
-4.8214,-0.093453,1
-4.8829,-0.044981,1
-4.9783,0.022475,1
-5.0889,0.0097615,1
-5.0612,-0.050257,1
-5.0125,0.054942,1
-4.944,0.04401,1
-5.0942,0.045777,1
-5.1647,-0.030097,1
-5.1025,0.074146,1
-4.9764,0.046719,1
-4.9723,0.1774,1
-4.9681,0.075198,1
-5.0092,0.081807,1
-4.987,0.0037462,1
-5.0337,-0.091103,1
-4.939,-0.026249,1
-5.0963,-0.053584,1
-4.9678,-0.039879,1
-5.06,0.039254,1
-5.0237,-0.03937,1
-4.9609,-0.063294,1
-4.9265,-0.028944,1
-5.079,-0.011376,1
-4.9109,0.028944,1
-4.9533,-0.067362,1
-5.0048,0.022438,1
-5.0138,0.0055169,1
-5.0154,0.093648,1
-5.0214,-0.015073,1
-4.9984,-0.0095091,1
-4.9964,-0.082827,1
-4.9416,-0.097953,1
-4.892,0.021956,1
-4.967,-0.017642,1
-5.0148,0.03562,1
-4.9558,-0.063121,1
-4.987,0.13495,1
-5.0728,0.008643,1
-4.9329,0.074036,1
-4.9783,-0.016046,1
-4.9904,-0.011491,1
-4.9636,0.048794,1
-4.9815,0.039298,1
-5.0666,-0.079214,1
-5.0115,-0.10838,1
-5.0103,-0.077631,1
-5.0376,-0.10011,1
-4.8811,0.0042123,1
-5.0619,-0.02908,1
-5.0342,-0.026022,1
-5.0503,-0.096235,1
-5.083,0.055124,1
-5.0136,0.031071,1
-5.0194,-0.0063373,1
-4.8918,0.072208,1
-5.0176,-0.0618,1
-5.0753,0.029324,1
-4.8866,0.024639,1
-4.9127,0.024696,1
-5.0162,-0.051566,1
-5.1065,0.023111,1
-5.0314,-0.036408,1
-5.011,-0.063388,1
-4.9805,-0.085084,1
-5.0185,0.073385,1
-4.9686,-0.059817,1
-4.9723,-0.012227,1
-5.0884,-0.085465,1
-5.067,-0.02101,1
-5.0524,-0.22854,1
-5.0359,-0.07686,1
-5.0227,-0.10086,1
-4.9991,-0.071733,1
-5.2142,-0.01508,1
-5.0323,-0.023006,1
-4.9121,0.13749,1
-5.0754,-0.04043,1
-4.934,-0.01768,1
-4.9752,-0.11097,1
-5.0021,-0.033756,1
-4.9871,-0.094609,1
-5.1107,0.0021425,1
-5.006,0.060322,1
-4.8866,0.028585,1
-4.993,-0.049541,1
-4.9971,-0.1153,1
-5.0519,0.10324,1
-5.0022,0.14496,1
-4.9836,0.0085207,1
-4.9698,-0.069997,1
-5.0264,0.084695,1
-5.0167,-0.041907,1
-4.8569,-0.033221,1
-5.1597,0.062676,1
-4.8424,-0.09795,1
-4.9761,-0.13836,1
-4.9293,0.029747,1
-5.1177,0.028336,1
-5.0417,0.0067276,1
-5.0197,0.035121,1
-4.9701,0.076526,1
-5.1181,0.068621,1
-4.9667,-0.040204,1
-5.0858,0.057274,1
-4.9953,0.01225,1
-4.9539,-0.035747,1
-4.9769,-0.084379,1
-4.9234,0.045748,1
-4.9289,-0.025005,1
-5.046,0.0032834,1
-4.9818,-0.05607,1
-5.0668,-0.10964,1
-5.0935,0.012133,1
-4.9346,-0.0043939,1
-5,0.084784,1
-5.0039,0.056689,1
-4.9356,0.07448,1
-4.958,-0.052954,1
-4.9752,-0.066208,1
-4.9116,-0.089738,1
-4.9343,0.035213,1
-4.983,0.19722,1
-5.0488,0.051447,1
-5.0461,-0.054664,1
-4.9157,0.059159,1
-5.114,-0.079785,1
-5.0017,-0.10073,1
-5.1378,0.050731,1
-4.9278,-0.055006,1
-4.9391,0.022344,1
-4.9999,0.099457,1
-5.005,0.028364,1
-5.1758,0.065737,1
-4.9589,-0.11355,1
-5.155,0.046778,1
-5.164,0.15121,1
-4.9943,0.038264,1
-5.0671,-0.10896,1
-4.9709,-0.014364,1
-4.9521,-0.035353,1
-4.9393,0.027084,1
-5.0489,0.029135,1
-4.9682,0.028673,1
-4.9929,-0.025723,1
-4.9416,-0.042375,1
-4.9621,-0.04169,1
-4.9365,0.060354,1
-5.0093,-0.13103,1
-5.0104,-0.014659,1
-4.9287,0.019119,1
-5.1502,-0.046158,1
-5.0357,0.033745,1
-5.0898,-0.0050431,1
-5.0271,-0.066348,1
-4.9541,0.01141,1
-4.9416,-0.018963,1
-5.0718,-0.028982,1
-5.0333,-0.050298,1
-4.9903,0.0043449,1
-5.0206,-0.13054,1
-4.9787,-0.028166,1
-4.9717,-0.038435,1
-5.0658,-0.064481,1
-5.0125,0.046153,1
-5.1508,-0.051921,1
-4.919,0.038229,1
-5.0445,0.069002,1
-5.0851,-0.011092,1
-5.018,0.019643,1
-5.101,0.045221,1
-5.0015,-0.005726,1
-5.0396,0.038245,1
-4.846,-0.089277,1
-4.9195,0.078519,1
-5.1766,-0.069973,1
-4.9688,-0.12932,1
-5.0989,0.097899,1
-5.018,-0.0044355,1
-4.9884,0.031744,1
-4.9471,-0.025686,1
-5.0193,-0.072166,1
-4.8885,-0.21729,1
-5.034,0.044285,1
-4.9768,-0.020272,1
-4.953,-0.013954,1
-4.994,0.028681,1
-4.9377,-0.10036,1
-4.9771,-0.05158,1
-5.0554,0.081128,1
-5.1277,0.042275,1
-4.8686,-0.0906,1
-5.0427,-0.15579,1
-4.9927,-0.040393,1
-4.9602,0.015132,1
-4.992,0.066636,1
-5.064,0.0066274,1
-5.0331,-0.079359,1
-5.0088,0.021649,1
-4.8954,-0.082897,1
-5.0609,-0.067951,1
-4.9445,-0.046226,1
-4.9782,-0.086931,1
-5.0165,-0.01916,1
-5.0747,-0.063636,1
-5.0201,-0.020201,1
-5.0061,-0.032698,1
-5.1039,-0.028976,1
-4.9864,-0.035606,1
-5.0581,0.087207,1
-5.0067,0.043155,1
-4.9762,0.004177,1
-5.064,-0.10373,1
-5.0204,-0.11496,1
-4.9752,-0.13893,1
-5.1298,0.18422,1
-4.9267,0.068757,1
-4.8286,0.018171,1
-4.9322,-0.068889,1
-5.0223,-0.08106,1
-4.9697,0.038724,1
-5.0733,0.11067,1
-4.8672,-0.11974,1
-4.9335,-0.031777,1
-4.9443,-0.0059603,1
-5.0619,-0.14086,1
-4.9774,0.059485,1
-5.0395,-0.029321,1
-5.022,0.13521,1
-5.0403,-0.027641,1
-5.0725,0.028934,1
-5.0643,-0.080782,1
-5.0148,-0.044185,1
-5.1201,-0.082641,1
-4.957,0.027759,1
-5.0083,0.092054,1
-4.9506,-0.041977,1
-4.9809,0.030856,1
-4.965,-0.035664,1
-5.1049,0.0072201,1
-5.0721,0.084588,1
-5.0316,0.0085053,1
-4.9922,-0.073316,1
-4.9202,-0.060606,1
-5.0205,-0.012012,1
-4.9108,-0.013553,1
-4.9664,-0.061222,1
-4.917,0.012775,1
-4.991,0.089557,1
-5.0464,-0.01776,1
-5.1048,-0.014465,1
-4.989,-0.15567,1
-4.9421,-0.054766,1
-5.0207,-0.098519,1
-5.0382,-0.027311,1
-5.0218,0.037165,1
-5.0775,0.10771,1
-5.0349,0.12717,1
-5.0128,-0.008265,1
-4.9968,-0.022641,1
-5.0045,0.057807,1
-4.9568,0.034659,1
-4.9923,0.054111,1
-4.8717,0.055033,1
-4.9779,-0.10467,1
-4.8724,0.03821,1
-5.0511,-0.0064728,1
-4.9628,-0.053758,1
-5.0184,-0.049045,1
-4.9576,0.090613,1
-4.958,-0.057257,1
-5.1546,-0.087456,1
-5.0938,0.015181,1
-5.1019,0.14218,1
-4.9716,0.001807,1
-4.896,0.0218,1
-5.0231,-0.066344,1
-4.9426,0.11838,1
-4.9614,0.008838,1
-5.0744,0.037484,1
-4.9719,-0.067321,1
-5.0532,0.06039,1
-4.8928,0.027517,1
-5.0023,-0.081742,1
-4.8843,0.0028101,1
-5.0301,-0.031862,1
-4.9583,0.007725,1
-5.0044,-0.017717,1
-5.143,-0.013428,1
-5.0694,-0.073038,1
-4.9567,-0.02286,1
-5.0039,0.054202,1
-5.0791,0.12337,1
-5.0443,-0.082061,1
-4.9824,0.16811,1
-5.0702,0.10791,1
-4.9311,0.011915,1
-5.0453,-0.021299,1
-4.8721,-0.049402,1
-5.0764,0.058886,1
-4.9859,-0.049116,1
-5.1076,-0.03266,1
-5.0512,0.062481,1
-5.0419,0.030826,1
-4.9716,0.06341,1
-4.9334,0.03569,1
-4.9788,-0.028348,1
-5.0264,-0.036335,1
-4.9423,0.056312,1
-4.9435,-0.04746,1
-4.9915,0.083909,1
-4.9596,0.055911,1
-4.9708,0.020345,1
-5.0698,0.00022812,1
-4.9463,0.025853,1
-5.0465,0.24937,1
-5.0427,-0.0079505,1
-4.9875,-0.11007,1
-5.0217,0.13542,1
-5.0093,0.043123,1
-4.9579,-0.045814,1
-4.926,0.18507,1
-5.014,0.038958,1
-4.9768,0.020803,1
-5.0169,-0.055002,1
-4.9838,-0.075302,1
-4.9689,-0.12505,1
-5.0436,-0.029905,1
-4.9806,-0.074466,1
-4.9575,0.045803,1
-4.9935,-0.02246,1
-4.8777,0.12509,1
-5.043,0.10681,1
-5.0521,0.011597,1
-5.1237,-0.019994,1
-4.9356,0.08147,1
-4.9387,-0.08107,1
-1.4524,-0.11913,2
-1.5473,0.029214,2
-1.5283,0.035479,2
-1.5475,0.0058735,2
-1.4593,0.011158,2
-1.555,-0.037331,2
-1.5752,0.051128,2
-1.4609,-0.0601,2
-1.5299,-0.056313,2
-1.4744,0.051289,2
-1.5249,0.11926,2
-1.4809,-0.027322,2
-1.6813,-0.035714,2
-1.4671,0.028855,2
-1.3689,0.075827,2
-1.4265,0.068447,2
-1.4356,0.019102,2
-1.517,-0.044859,2
-1.4872,0.044531,2
-1.4827,-0.0056027,2
-1.4932,0.097365,2
-1.5587,-0.099576,2
-1.5249,0.0099866,2
-1.5124,0.091197,2
-1.534,-0.034997,2
-1.4408,-0.044182,2
-1.3205,-0.066018,2
-1.5936,-0.019709,2
-1.4909,-0.014179,2
-1.602,0.0096691,2
-1.4079,-0.062462,2
-1.4003,0.0058363,2
-1.6176,-0.0427,2
-1.3626,-0.026073,2
-1.5767,-0.059268,2
-1.484,-0.019974,2
-1.4223,0.25243,2
-1.4896,0.24095,2
-1.3377,0.081099,2
-1.3054,0.055668,2
-1.4902,-0.090378,2
-1.6348,-0.041337,2
-1.5258,-0.043799,2
-1.56,0.037851,2
-1.5541,0.034152,2
-1.5797,0.0076703,2
-1.4945,-0.024062,2
-1.351,-0.065467,2
-1.5506,0.0003763,2
-1.5198,0.08055,2
-1.4175,0.030219,2
-1.4142,0.012801,2
-1.4657,0.046491,2
-1.4274,0.041312,2
-1.4384,-0.1143,2
-1.527,0.0013275,2
-1.4697,-0.03012,2
-1.5212,-0.14383,2
-1.5636,-0.093943,2
-1.4551,-0.022619,2
-1.4952,0.058367,2
-1.5132,-0.016213,2
-1.4794,0.018544,2
-1.4302,-0.063497,2
-1.4722,-0.15254,2
-1.4862,0.0066409,2
-1.4802,-0.067259,2
-1.4964,0.082915,2
-1.5548,0.12269,2
-1.4444,-0.026283,2
-1.4004,0.084348,2
-1.5378,0.067433,2
-1.3637,-0.10006,2
-1.5125,-0.0023586,2
-1.5172,0.018464,2
-1.5635,0.036981,2
-1.556,0.047856,2
-1.5674,0.047687,2
-1.475,0.04797,2
-1.3871,-0.022103,2
-1.4627,0.026817,2
-1.4396,-0.1593,2
-1.4051,-0.082615,2
-1.6767,0.084992,2
-1.5118,-0.046721,2
-1.475,0.023162,2
-1.4493,0.10664,2
-1.5923,-0.062855,2
-1.5711,-0.067832,2
-1.4441,-0.034841,2
-1.5082,0.031187,2
-1.4609,-0.014479,2
-1.5679,-0.069141,2
-1.6155,-0.11122,2
-1.4462,-0.026181,2
-1.4156,-0.015637,2
-1.3846,-0.037845,2
-1.6083,-0.018524,2
-1.5945,-0.077458,2
-1.6042,0.038837,2
-1.5029,-0.15377,2
-1.5435,0.010226,2
-1.4071,0.047308,2
-1.6029,-0.060021,2
-1.6232,-0.0040369,2
-1.4855,0.020632,2
-1.4156,-0.04346,2
-1.5568,-0.00096472,2
-1.5895,0.029141,2
-1.5106,-0.066266,2
-1.6157,0.059055,2
-1.4988,0.077396,2
-1.4414,0.022711,2
-1.4846,0.0010686,2
-1.635,-0.082342,2
-1.538,0.034991,2
-1.5214,-0.085974,2
-1.3718,0.11249,2
-1.4353,0.037227,2
-1.504,0.018726,2
-1.4074,-0.027832,2
-1.5739,-0.15389,2
-1.5246,-0.084546,2
-1.4001,0.025833,2
-1.3938,0.17059,2
-1.4484,0.052343,2
-1.4653,0.021902,2
-1.5414,-0.038324,2
-1.4473,0.0086467,2
-1.5586,0.068043,2
-1.4594,-0.017959,2
-1.4801,0.13377,2
-1.4194,-0.086285,2
-1.5301,-0.026604,2
-1.455,0.0037073,2
-1.4439,-0.13816,2
-1.5635,0.039981,2
-1.489,0.0055009,2
-1.3871,0.0057064,2
-1.492,0.056194,2
-1.5218,0.0738,2
-1.4677,0.056723,2
-1.5195,-0.033151,2
-1.4687,-0.0032946,2
-1.5095,0.024993,2
-1.5013,-0.088869,2
-1.4674,-0.073258,2
-1.4037,-0.030191,2
-1.468,0.005492,2
-1.3834,0.12664,2
-1.6434,0.056375,2
-1.5318,-0.03129,2
-1.4833,-0.044483,2
-1.5591,0.10846,2
-1.5902,0.19329,2
-1.4564,0.01184,2
-1.4567,-0.033861,2
-1.4795,-0.09989,2
-1.472,0.068942,2
-1.5616,0.020486,2
-1.5352,0.082407,2
-1.5075,-0.064255,2
-1.5486,0.017011,2
-1.4765,-0.046248,2
-1.3328,0.090153,2
-1.5341,-0.038975,2
-1.4542,-0.0061807,2
-1.5731,-0.024595,2
-1.4053,0.070284,2
-1.5685,0.030295,2
-1.4852,-0.071007,2
-1.5437,-0.044738,2
-1.4638,-0.073943,2
-1.4992,0.035759,2
-1.5031,0.023473,2
-1.2915,-0.11564,2
-1.5446,-0.13483,2
-1.5033,-0.0028566,2
-1.3103,0.049299,2
-1.5811,0.011936,2
-1.4609,-0.10916,2
-1.5761,-0.10973,2
-1.4271,0.061312,2
-1.4768,-0.010279,2
-1.4539,-0.027311,2
-1.5197,0.09307,2
-1.4827,-0.056319,2
-1.3959,0.0095772,2
-1.6609,0.029543,2
-1.6155,0.057974,2
-1.4706,-0.060412,2
-1.5463,0.025266,2
-1.521,0.19435,2
-1.6058,-0.10698,2
-1.564,0.030687,2
-1.5286,-0.016247,2
-1.5513,-0.058484,2
-1.5613,-0.05883,2
-1.5298,0.035207,2
-1.5667,0.16374,2
-1.4051,-0.056132,2
-1.5699,0.038252,2
-1.3715,-0.039532,2
-1.5265,0.13976,2
-1.6027,0.038513,2
-1.5437,-0.0097514,2
-1.4339,0.043832,2
-1.4253,-0.00039476,2
-1.4887,0.078291,2
-1.4797,-0.013123,2
-1.4552,-0.079296,2
-1.6032,0.017427,2
-1.5411,0.11038,2
-1.6294,-0.084614,2
-1.5318,-0.017136,2
-1.4329,0.071052,2
-1.4493,-0.13577,2
-1.3382,0.044226,2
-1.4882,0.053242,2
-1.6525,0.015096,2
-1.3805,-0.054464,2
-1.4093,-0.0005045,2
-1.5412,0.0065893,2
-1.4843,0.066132,2
-1.4449,0.046918,2
-1.4728,-0.024765,2
-1.4508,0.11454,2
-1.508,-0.0035944,2
-1.5027,-0.057466,2
-1.4938,-0.031001,2
-1.5558,0.060713,2
-1.3994,0.013804,2
-1.4996,0.062852,2
-1.4515,0.0048947,2
-1.5605,0.17584,2
-1.576,-0.11778,2
-1.5064,-0.029411,2
-1.5179,-0.0059556,2
-1.4155,0.0063111,2
-1.4571,0.10297,2
-1.4618,0.015518,2
-1.6022,-0.008123,2
-1.5684,0.0048509,2
-1.4857,0.053139,2
-1.5246,-0.04875,2
-1.4088,0.031877,2
-1.4052,-0.11066,2
-1.5411,-0.0055717,2
-1.4381,-0.066595,2
-1.4013,-0.046164,2
-1.4773,0.019978,2
-1.3852,-0.079555,2
-1.4249,-0.069931,2
-1.4849,-0.10719,2
-1.438,-0.15758,2
-1.4863,-0.010714,2
-1.5293,0.082218,2
-1.4747,-0.012865,2
-1.4974,-0.016543,2
-1.5258,-0.074015,2
-1.3748,0.11196,2
-1.4844,-0.017636,2
-1.3069,0.091501,2
-1.5209,0.025596,2
-1.4601,-0.018601,2
-1.3881,0.076519,2
-1.307,0.069469,2
-1.4785,-0.0078803,2
-1.5559,0.091638,2
-1.4432,0.12596,2
-1.5933,-0.0046397,2
-1.5194,-0.018079,2
-1.4808,0.028612,2
-1.3947,0.024873,2
-1.3984,0.0571,2
-1.5019,-0.018073,2
-1.4347,0.050566,2
-1.5227,0.074147,2
-1.4533,0.012555,2
-1.3646,0.01084,2
-1.4889,-0.088694,2
-1.5213,-0.08293,2
-1.5354,-0.10334,2
-1.4493,-0.087984,2
-1.4054,-0.010967,2
-1.3497,-0.11419,2
-1.4962,0.15882,2
-1.4885,0.052275,2
-1.5447,-0.1462,2
-1.386,-0.081639,2
-1.5053,-0.0075796,2
-1.5335,-0.12112,2
-1.3456,-0.032519,2
-1.4427,0.077145,2
-1.4493,-0.011588,2
-1.5711,-0.0047546,2
-1.4693,-0.070823,2
-1.4632,-0.039291,2
-1.5772,-0.095569,2
-1.516,0.025754,2
-1.5286,-0.031976,2
-1.4627,0.055392,2
-1.5712,0.087486,2
-1.423,0.076169,2
-1.3738,-0.0024636,2
-1.5215,-0.035637,2
-1.5006,-0.086551,2
-1.4642,0.0083799,2
-1.4149,0.067845,2
-1.4631,-0.024107,2
-1.4719,-0.012255,2
-1.5341,0.043579,2
-1.5164,0.061088,2
-1.4566,-0.10019,2
-1.381,0.014139,2
-1.4598,0.013847,2
-1.5853,-0.010687,2
-1.4694,0.063129,2
-1.5065,-0.025752,2
-1.5173,-0.05842,2
-1.5155,0.019517,2
-1.5622,0.032513,2
-1.5227,-0.01538,2
-1.5555,0.056294,2
-1.5258,-0.10734,2
-1.4917,-0.076008,2
-1.4877,-0.21723,2
-1.5152,0.036869,2
-1.5108,-0.070076,2
-1.4976,-0.017899,2
-1.4676,0.071366,2
-1.4094,0.0036071,2
-1.4562,-0.031143,2
-1.5203,-0.059996,2
-1.4577,-0.016997,2
-1.5174,0.042634,2
-1.6259,-0.10722,2
-1.666,-0.004833,2
-1.6212,0.055324,2
-1.5168,-0.10046,2
-1.5438,0.047331,2
-1.5509,0.048312,2
-1.4971,-0.062376,2
-1.5466,-0.10638,2
-1.5446,0.030628,2
-1.4569,0.057152,2
-1.4447,0.040937,2
-1.3277,0.053942,2
-1.4786,-0.083589,2
-1.4959,0.041284,2
-1.5406,-0.041013,2
-1.5138,-0.039695,2
-1.5036,-0.11002,2
-1.6242,0.077796,2
-1.5182,0.012378,2
-1.447,0.070966,2
-1.5404,0.10684,2
-1.4651,-0.080415,2
-1.4299,0.045468,2
-1.4238,-0.00090227,2
-1.4451,0.064648,2
-1.6598,0.078326,2
-1.5399,0.058016,2
-1.4363,-0.057814,2
-1.4721,-0.0089439,2
-1.4997,0.018678,2
-1.4691,0.22334,2
-1.4201,0.086735,2
-1.4891,0.16409,2
-1.5536,0.029309,2
-1.5127,0.014979,2
-1.5147,0.043357,2
-1.4366,-0.037319,2
-1.4708,0.087794,2
-1.4613,-0.011146,2
-1.4895,-0.097128,2
-1.5256,0.061578,2
-1.4957,-0.11091,2
-1.4847,-0.13041,2
-1.5989,0.020394,2
-1.4874,-0.06724,2
-1.4344,-0.064398,2
-1.5078,-0.011452,2
-1.3888,-0.034571,2
-1.4604,-0.015753,2
-1.5297,0.019238,2
-1.5109,-0.082628,2
-1.5195,-0.086566,2
-1.483,-0.14846,2
-1.4466,-0.027594,2
-1.5206,0.046972,2
-1.4676,-0.049658,2
-1.3759,0.035449,2
-1.4341,0.038206,2
-1.4416,0.070057,2
-1.5576,0.06996,2
-1.5378,-0.048708,2
-1.4828,-0.060588,2
-1.5071,0.0034217,2
-1.6149,-0.047012,2
-1.6071,0.10272,2
-1.4274,0.09757,2
-1.5536,0.0067272,2
-1.353,-0.030202,2
-1.6571,0.03612,2
-1.4683,-0.046406,2
-1.5,-0.00884,2
-1.5535,-0.03751,2
-1.4714,0.0074661,2
-1.5561,0.079786,2
-1.4392,0.052501,2
-1.4953,0.080865,2
-1.6159,-0.06468,2
-1.6715,0.012714,2
-1.5201,-0.069533,2
-1.419,0.027211,2
-1.4872,0.02303,2
-1.4962,0.091663,2
-1.4514,0.077727,2
-1.5985,0.04619,2
-1.3992,-0.035714,2
-1.5632,-0.033658,2
-1.4973,-0.14507,2
-1.5257,-0.0317,2
-1.4894,-0.10969,2
-1.6375,0.065749,2
-1.3922,0.063777,2
-1.4614,0.0097784,2
-1.3579,-0.026757,2
-1.3998,0.010116,2
-1.4992,0.11349,2
-1.5664,0.095397,2
-1.623,-0.03171,2
-1.4988,0.011908,2
-1.4845,-0.079231,2
-1.426,0.028336,2
-1.5672,0.05226,2
-1.4438,0.063643,2
-1.4949,-0.10827,2
-1.5547,0.035682,2
-1.4453,-0.061109,2
-1.4812,-0.026626,2
-1.5166,0.055721,2
-1.3673,0.021086,2
-1.4569,-0.011578,2
-1.5078,0.042902,2
-1.4804,0.11558,2
-1.4938,-0.044088,2
-1.4877,-0.095466,2
-1.4679,-0.082183,2
-1.5427,-0.066771,2
-1.5564,-0.047462,2
-1.4745,0.040778,2
-1.3667,-0.14749,2
-1.5217,0.016685,2
-1.5716,-0.055043,2
-1.5169,0.077751,2
-1.5342,-0.060498,2
-1.5231,0.0005344,2
-1.4664,-0.066297,2
-1.5092,-0.048194,2
-1.542,-0.018395,2
-1.5314,-0.016178,2
-1.5935,-0.03711,2
-1.5608,0.079784,2
-1.5999,0.038901,2
-1.5365,0.13118,2
-1.5767,-0.019608,2
-1.55,0.075422,2
-1.5213,-0.14844,2
-1.5849,0.045148,2
-1.5014,0.026267,2
-1.4759,-0.026458,2
-1.5681,0.049169,2
-1.4212,0.062058,2
-1.6122,0.073087,2
-1.5277,0.029684,2
-1.605,0.042502,2
-1.5244,-0.04766,2
-1.5936,-0.077441,2
-1.5406,-0.018923,2
-1.5524,0.013191,2
-1.5838,0.067242,2
-1.646,-0.055898,2
-1.46,-0.034611,2
-1.3586,0.21033,2
-1.3428,-0.044023,2
-1.5348,0.13579,2
-1.5033,0.067963,2
-1.5329,-0.039443,2
-1.4946,-0.0075346,2
-1.565,-0.015214,2
-1.6357,0.033481,2
-1.5026,0.096565,2
-1.5866,-0.11581,2
-1.6345,0.1431,2
-1.3321,0.054998,2
-1.5165,-0.038813,2
-1.4714,-0.0089103,2
-1.4157,0.021184,2
1.0695,0.82022,3
1.2816,0.77626,3
1.2557,0.93618,3
0.91588,1.1104,3
0.96953,1.0653,3
1.1721,0.83262,3
1.0282,0.95717,3
1.2665,0.76806,3
0.83894,0.75436,3
1.1106,0.96252,3
1.0676,1.0782,3
1.3264,0.55796,3
0.68445,1.053,3
1.0002,1.0836,3
1.0125,0.78646,3
0.45077,1.2229,3
1.2927,0.8669,3
1.6588,0.37274,3
0.94555,1.2124,3
1.0673,0.77068,3
0.89104,1.0063,3
1.0901,0.95885,3
0.91092,1.147,3
0.97613,1.0826,3
1.3795,0.71532,3
0.80131,1.1316,3
0.86494,1.0324,3
0.9822,1.0794,3
0.96893,0.97326,3
1.3375,0.78067,3
1.4764,0.75691,3
0.77059,0.8844,3
0.84967,1.3663,3
1.1221,0.8149,3
0.91072,1.2506,3
1.4674,0.82683,3
1.3836,0.48804,3
1.1311,0.91659,3
1.1322,1.3592,3
0.92064,1.036,3
1.1791,0.91904,3
1.2644,0.82828,3
1.0332,1.1438,3
1.4522,0.77707,3
1.1573,0.7437,3
0.97418,0.962,3
1.087,0.9751,3
1.2572,0.78171,3
0.90662,1.4182,3
0.97996,1.0755,3
1.5566,0.60361,3
0.88886,0.97798,3
1.2219,0.64211,3
1.1919,0.95009,3
1.3726,0.66851,3
1.1234,0.9866,3
0.42186,1.3609,3
0.80006,1.2844,3
1.12,0.65728,3
1.0605,1.1618,3
1.4602,0.73759,3
1.3298,0.74501,3
1.1165,0.7481,3
1.0194,0.9305,3
0.63685,1.3314,3
1.4369,0.80535,3
1.0314,0.83492,3
0.63743,1.4713,3
1.1016,1.2901,3
1.0241,0.91345,3
0.86624,1.1726,3
1.1156,0.81676,3
0.83407,0.90424,3
0.68386,1.4569,3
0.58858,1.4302,3
0.91468,1.0009,3
0.85293,1.1356,3
1.1032,0.88456,3
0.6476,1.0912,3
0.95116,0.6513,3
0.64702,1.2824,3
1.4244,0.59039,3
0.97257,0.94469,3
1.2876,0.65064,3
1.1161,0.65999,3
1.2131,0.75531,3
0.72931,1.2432,3
1.2949,0.61552,3
1.3406,0.78203,3
0.51294,1.3617,3
0.95861,1.0202,3
0.84707,0.93242,3
1.0367,0.86689,3
0.8006,1.2184,3
1.0654,0.83994,3
1.14,0.90722,3
1.0574,1.2197,3
0.97225,1.1299,3
0.69761,1.3873,3
1.0135,1.3072,3
0.87783,1.2584,3
0.70004,1.2991,3
0.98681,1.2739,3
0.95083,0.91825,3
1.0451,0.87116,3
1.2327,1.0817,3
1.1351,0.95069,3
1.3062,0.74377,3
0.82896,1.2017,3
0.79724,1.1303,3
0.97774,0.97884,3
1.3244,0.68243,3
1.3057,0.67515,3
0.97049,0.89689,3
0.86002,1.1065,3
0.64338,1.2143,3
1.1576,1.0655,3
1.0054,1.0274,3
0.72378,1.3637,3
0.92153,1.0453,3
0.57095,1.34,3
1.1008,1.0872,3
0.95919,1.2314,3
1.3826,0.69144,3
0.68119,1.4891,3
1.2276,0.87793,3
1.0337,1.0221,3
1.0194,1.2797,3
1.1681,1.0696,3
1.2799,0.89333,3
0.74881,1.2598,3
1.3093,0.67433,3
0.71623,1.2166,3
0.7481,1.4518,3
0.84227,0.85647,3
1.1727,0.7728,3
0.74907,1.1798,3
1.0785,0.95577,3
1.0966,0.68043,3
1.0361,1.0418,3
1.1301,0.99199,3
0.72494,1.0983,3
1.2363,0.7717,3
1.0266,0.81458,3
1.1712,1.079,3
0.76935,1.2391,3
1.0122,0.95619,3
1.2058,0.70682,3
1.2378,0.81871,3
0.98022,1.2433,3
0.56531,1.3928,3
0.74277,1.2581,3
1.0513,0.79619,3
1.1863,0.87,3
1.1086,1.0158,3
0.85633,0.93128,3
1.5264,0.72148,3
1.017,1.3186,3
1.203,0.62386,3
0.90251,0.8011,3
0.73852,1.2041,3
1.1607,0.97087,3
1.2434,0.78988,3
1.4273,0.62898,3
0.87594,1.1024,3
0.61821,1.1688,3
1.3793,0.46801,3
1.0619,1.1626,3
0.73566,1.2557,3
0.86886,0.94716,3
0.81031,1.3003,3
1.2723,0.60229,3
1.1389,0.86997,3
1.0569,1.0533,3
1.0564,0.84049,3
0.80734,1.1105,3
1.2329,0.81344,3
1.0812,1.1968,3
0.93876,1.112,3
0.95668,0.9816,3
0.97614,0.98913,3
0.79197,1.1324,3
1.1739,1.0339,3
1.3265,0.69452,3
1.5802,0.41855,3
1.1182,0.93575,3
0.80711,1.1451,3
1.0471,1.0684,3
0.76383,1.3226,3
0.8562,1.2642,3
0.84546,1.2137,3
0.80459,1.2452,3
1.0887,1.1841,3
0.73843,1.0576,3
1.1565,0.82514,3
1.1865,0.61883,3
1.2433,0.9249,3
0.99521,1.0068,3
1.1452,0.84087,3
1.4229,0.42197,3
1.0124,1.0146,3
0.95828,0.99911,3
1.4157,0.47722,3
0.41163,1.3253,3
0.89292,0.98486,3
1.57,0.49991,3
0.88943,0.86814,3
0.86859,1.083,3
0.71237,1.3184,3
1.186,0.79706,3
0.50518,1.3107,3
0.81253,1.1944,3
1.133,1.0397,3
0.99966,0.94006,3
1.1463,0.81735,3
1.0297,0.78213,3
1.1597,0.73752,3
0.69807,1.3287,3
1.0511,0.94283,3
0.63261,1.4037,3
1.1837,0.94003,3
0.92716,1.1103,3
1.1537,0.97763,3
0.87395,1.3086,3
1.0771,1.0147,3
1.2472,0.85518,3
0.53572,1.3741,3
0.56206,1.1908,3
0.57027,1.2835,3
1.199,0.88111,3
1.095,0.77239,3
0.83526,1.1979,3
1.3516,0.75586,3
1.0323,0.98705,3
0.62786,1.3451,3
0.76099,1.1988,3
0.67513,1.2628,3
1.2239,0.81559,3
0.85902,1.2407,3
0.72517,1.2127,3
0.86466,0.7546,3
0.80384,1.0949,3
1.2,0.86276,3
1.1119,1.0378,3
1.0709,1.1281,3
1.0975,0.79327,3
1.0101,1.0943,3
0.77747,1.2141,3
1.127,0.86798,3
0.80743,1.1609,3
0.74862,1.2019,3
0.7481,1.225,3
1.2039,0.86519,3
1.2301,0.7212,3
0.58752,1.1966,3
0.96527,1.1586,3
1.0591,0.92203,3
0.85685,1.3079,3
1.1785,0.72937,3
1.0597,0.87107,3
0.96416,1.221,3
0.86928,1.2968,3
1.1588,0.73134,3
1.1992,0.86488,3
1.1101,1.0908,3
0.94377,1.2257,3
1.216,0.65003,3
0.78732,1.3922,3
1.0339,1.0615,3
1.3275,0.76271,3
0.95551,1.006,3
0.8021,1.0317,3
1.4558,0.6399,3
0.94209,1.0128,3
1.1036,1.2268,3
0.81154,1.1798,3
1.0675,0.92143,3
1.1095,0.9085,3
1.0011,0.9165,3
1.0765,1.2168,3
1.2825,0.85476,3
0.67071,1.2795,3
1.0482,1.112,3
0.53302,1.3776,3
1.0067,0.98137,3
1.4527,0.55452,3
1.2207,0.73642,3
0.99838,1.2177,3
0.92068,1.1685,3
1.1239,0.91036,3
1.2479,1.027,3
1.0035,1.0004,3
1.3787,0.72927,3
0.80867,0.96509,3
0.53148,1.4474,3
0.82453,0.94841,3
0.95326,0.90498,3
0.91258,1.1995,3
0.80127,1.21,3
1.3136,0.62579,3
0.62094,1.2565,3
0.88466,1.1289,3
0.77268,1.2157,3
0.88881,0.8602,3
0.84377,0.96524,3
1.1122,0.66915,3
0.75585,1.19,3
0.80754,0.92539,3
1.0237,1.0752,3
1.2542,0.65643,3
0.56507,1.2067,3
1.4221,0.8961,3
0.794,1.4601,3
1.1519,0.76524,3
1.2461,0.79361,3
1.3103,1.0108,3
0.87867,1.0264,3
1.0057,1.2269,3
0.96192,1.1417,3
0.85796,1.1237,3
1.0637,0.90025,3
1.0841,1.1595,3
0.91737,1.1635,3
1.031,0.88928,3
1.627,0.53995,3
0.99823,0.88307,3
1.1666,0.88379,3
0.89152,1.2953,3
0.8762,1.173,3
0.91891,0.96392,3
1.1324,0.93859,3
0.81202,1.0597,3
0.56545,1.6278,3
1.0125,0.74793,3
0.89765,0.99481,3
1.0657,1.0503,3
1.0198,0.87315,3
1.171,0.86251,3
1.2112,0.91542,3
0.68911,1.424,3
0.64245,1.1675,3
1.1178,0.88069,3
1.0719,0.87761,3
0.77975,1.1648,3
1.2902,0.81239,3
1.0077,0.91025,3
1.029,1.0842,3
1.0642,1.005,3
1.1769,0.7916,3
1.3575,0.74469,3
0.93856,1.183,3
0.59412,1.466,3
1.2377,0.89564,3
0.78243,1.1693,3
1.2917,0.67775,3
0.86175,1.1433,3
1.3498,0.65096,3
0.81098,1.1099,3
0.73907,1.3382,3
1.2244,1.0115,3
0.68034,1.3419,3
1.1596,1.1463,3
1.1027,0.70979,3
0.9664,1.0305,3
0.9199,1.0784,3
1.4826,0.82285,3
0.91216,1.1395,3
0.95539,0.99283,3
0.77985,1.2549,3
0.80923,1.2427,3
0.86313,1.1366,3
1.4009,0.39859,3
0.90844,1.2129,3
0.83817,0.66161,3
0.89488,1.1008,3
1.1675,0.65374,3
0.69143,1.2046,3
1.1471,1.0682,3
0.68778,1.1862,3
0.96931,1.2836,3
0.57155,1.4555,3
1.1257,0.86393,3
1.1625,0.74522,3
0.83876,1.0651,3
1.0745,0.98956,3
1.0382,0.64911,3
1.2718,0.86052,3
1.0301,1.013,3
1.2438,0.91096,3
0.97261,1.2985,3
0.84796,1.0807,3
0.99109,0.87507,3
0.95325,1.1973,3
1.2068,0.95145,3
0.98683,0.9915,3
0.80271,1.0814,3
0.96369,1.0633,3
1.2788,0.61959,3
0.9027,1.0885,3
0.84554,1.0404,3
1.2308,0.70072,3
1.0237,1.1111,3
0.91494,1.0737,3
0.82673,1.3239,3
0.65295,1.1375,3
1.036,1.003,3
0.92565,0.91976,3
1.0748,1.0222,3
0.65841,1.4555,3
1.31,0.88437,3
1.1143,0.62128,3
0.63259,1.3925,3
1.2479,0.79835,3
0.8622,1.1578,3
1.0709,0.8682,3
1.0515,0.73527,3
0.79404,1.2889,3
0.32894,1.4807,3
1.1256,0.85277,3
0.91979,1.0883,3
0.85979,1.4568,3
1.0982,1.2289,3
0.83826,0.95453,3
1.1574,0.80728,3
1.0354,1.1042,3
0.76752,0.91069,3
1.1963,1.0072,3
1.1113,0.86644,3
1.2937,0.94841,3
0.79066,1.0526,3
0.79004,1.0474,3
1.0735,1.252,3
1.1564,0.9513,3
1.1942,0.79933,3
1.0015,0.85947,3
0.94468,1.194,3
1.1531,0.92087,3
1.4607,0.31777,3
1.2075,0.70847,3
1.0198,1.3843,3
0.86526,1.1087,3
1.1172,0.63449,3
0.88647,0.97315,3
1.0559,0.89763,3
1.1825,0.94433,3
1.2168,0.8007,3
1.1379,0.90084,3
1.3232,0.73319,3
1.4341,0.5153,3
0.55496,1.5223,3
0.58286,1.292,3
0.78362,1.1146,3
0.53144,1.4097,3
0.91625,1.0595,3
0.92111,0.99423,3
1.0587,0.96909,3
1.0671,1.23,3
0.83908,1.2046,3
0.80926,1.0677,3
1.1861,0.73051,3
0.91043,1.0411,3
0.67842,1.0506,3
1.0024,1.2442,3
1.0479,0.98837,3
0.90361,0.922,3
1.1556,0.88894,3
1.053,0.76203,3
0.95008,1.1194,3
0.98967,0.98398,3
1.1075,0.91775,3
0.89648,1.1335,3
0.75259,1.3175,3
0.96351,0.92066,3
1.0303,0.7774,3
1.1195,0.88824,3
0.99294,0.89482,3
0.89274,1.1451,3
1.1399,0.63549,3
0.97338,1.1376,3
1.1893,0.88646,3
0.97894,0.86735,3
0.99852,0.95843,3
0.97846,1.1306,3
0.78395,1.504,3
0.78261,1.1305,3
0.77457,1.3708,3
1.4186,0.54147,3
0.95305,1.0663,3
1.2205,0.79157,3
1.0819,0.97888,3
1.436,0.57607,3
1.2174,0.63045,3
0.71225,1.1989,3
0.92326,1.1221,3
1.2091,0.76066,3
1.0676,0.91985,3
1.5312,0.61956,3
0.98877,1.0819,3
0.63606,1.1989,3
1.1041,0.8786,3
1.2042,-0.93488,4
1.0776,-0.92019,4
0.68389,-1.4603,4
1.363,-0.92496,4
0.85539,-1.0923,4
0.83617,-1.308,4
0.66614,-1.3271,4
0.97429,-0.91648,4
0.97591,-0.89537,4
0.92432,-0.85366,4
0.8031,-1.2972,4
0.61057,-1.2031,4
1.7065,-0.3781,4
1.352,-0.54314,4
0.91581,-1.0392,4
0.97306,-0.91212,4
1.0842,-0.77749,4
0.99715,-1.0578,4
0.86624,-1.1716,4
1.2191,-0.99999,4
0.73304,-1.2302,4
1.459,-0.57652,4
0.58649,-1.4385,4
0.92417,-1.0523,4
1.2046,-0.88062,4
1.0277,-1.0356,4
0.6475,-1.1833,4
1.2162,-0.71304,4
1.0383,-0.81384,4
0.80894,-1.3026,4
1.0947,-0.94089,4
1.1773,-0.76658,4
1.5123,-0.75526,4
0.97801,-0.75819,4
0.931,-1.025,4
0.88161,-1.1704,4
0.54808,-1.2305,4
1.1223,-0.8491,4
0.5182,-1.3795,4
0.93672,-1.1435,4
0.9355,-1.2908,4
1.1982,-0.96776,4
0.3501,-1.6188,4
1.2153,-0.76282,4
0.87822,-1.0168,4
0.69676,-1.354,4
0.99796,-0.89,4
1.0547,-0.86523,4
0.90052,-1.0983,4
0.65538,-1.4102,4
1.2829,-0.64823,4
1.0463,-0.97963,4
0.83422,-1.2723,4
1.2853,-0.73258,4
1.0861,-0.85895,4
0.70274,-1.4403,4
1.1456,-0.62917,4
0.57893,-1.6343,4
0.75191,-1.4235,4
1.0355,-0.80587,4
1.0964,-0.87724,4
1.0165,-1.0443,4
0.54667,-1.3693,4
1.192,-0.74429,4
1.2959,-0.87494,4
1.2738,-0.65086,4
0.86625,-1.0154,4
0.90762,-1.0817,4
0.76139,-1.1694,4
1.0587,-1.0368,4
1.0591,-1.0671,4
0.81907,-1.2004,4
1.2157,-0.68487,4
1.1998,-0.86881,4
1.1541,-0.93481,4
0.8233,-1.2766,4
0.68609,-1.4097,4
1.153,-0.87187,4
1.3394,-0.58204,4
0.69744,-1.0815,4
0.48213,-1.3482,4
1.3368,-0.76611,4
0.98554,-1.0614,4
1.2762,-0.7247,4
1.2311,-0.68449,4
0.71422,-1.1025,4
0.89872,-1.3686,4
0.80419,-1.1665,4
1.0421,-1.0959,4
1.2735,-0.83975,4
1.0131,-0.75528,4
0.5075,-1.5078,4
1.2897,-0.99001,4
1.0006,-0.97562,4
0.89223,-1.105,4
0.50676,-1.4596,4
1.0877,-0.80967,4
1.0575,-0.87662,4
1.0794,-0.88434,4
0.74717,-1.2442,4
0.82876,-1.0929,4
0.7851,-1.2151,4
1.4192,-0.63191,4
0.8076,-1.0797,4
0.95387,-0.99195,4
0.79124,-1.2615,4
1.2136,-0.89766,4
0.99712,-1.1426,4
1.0171,-0.85155,4
1.2203,-0.82326,4
1.1584,-0.95902,4
1.1843,-0.7578,4
0.49983,-1.4781,4
1.0516,-0.89766,4
1.2266,-0.61009,4
1.0821,-0.8064,4
1.2115,-0.84856,4
1.4975,-0.60833,4
1.2928,-0.49922,4
0.73659,-1.2385,4
0.80533,-1.1187,4
0.97144,-0.97941,4
0.8493,-0.9986,4
0.98148,-0.98612,4
1.288,-0.71496,4
0.87538,-1.0585,4
0.9329,-0.69231,4
0.94662,-0.92554,4
1.1582,-0.98876,4
1.2432,-0.96521,4
0.96495,-1.2464,4
0.92564,-0.81273,4
1.2189,-0.93129,4
1.1696,-0.72744,4
1.1145,-0.83435,4
1.766,-0.57914,4
1.0074,-0.72115,4
1.08,-0.86004,4
0.98041,-0.7706,4
1.1446,-0.83552,4
0.87688,-1.0765,4
1.2363,-0.94409,4
1.429,-0.64396,4
1.02,-0.96515,4
0.98398,-1.2182,4
0.86786,-1.1107,4
0.88894,-1.0689,4
0.60049,-1.4241,4
0.9874,-0.95494,4
0.79331,-1.3326,4
1.2945,-0.83638,4
1.0365,-0.95589,4
1.0129,-1.0711,4
1.328,-0.67477,4
0.58357,-1.3896,4
1.0773,-1.0546,4
0.7519,-1.0774,4
0.84912,-1.0425,4
1.0606,-0.87337,4
1.2091,-0.73652,4
0.80379,-1.0244,4
1.1297,-0.76025,4
1.342,-0.71562,4
0.79947,-1.2248,4
0.76733,-1.2053,4
0.99726,-0.83533,4
1.147,-1.0412,4
1.0004,-1.0758,4
0.80855,-1.016,4
1.027,-0.86383,4
1.0486,-1.0271,4
0.89574,-1.1132,4
0.73722,-1.236,4
1.1021,-0.9536,4
1.004,-1.3262,4
0.91487,-1.1273,4
0.85196,-1.0794,4
0.88266,-0.76543,4
0.79663,-1.3636,4
0.75608,-1.2853,4
1.2968,-0.80917,4
0.94337,-1.1734,4
0.59451,-1.4226,4
0.8855,-1.3531,4
1.2487,-0.81169,4
0.87379,-1.1732,4
1.4168,-0.58683,4
0.81719,-1.1418,4
0.82341,-1.0008,4
0.75771,-0.9797,4
1.2729,-0.76025,4
0.86395,-1.2782,4
1.0979,-0.88701,4
0.61348,-1.1277,4
0.8657,-1.1228,4
1.1546,-0.82124,4
0.69972,-1.376,4
1.0118,-0.78688,4
1.1286,-0.84032,4
1.4171,-0.71567,4
1.1503,-1.1027,4
1.222,-0.91107,4
0.91692,-1.2065,4
0.86426,-1.1775,4
1.0132,-0.9424,4
0.7905,-1.0596,4
1.2632,-0.76371,4
1.1819,-0.83985,4
1.2257,-0.7648,4
1.2957,-0.40032,4
0.97469,-0.97584,4
0.86464,-1.0918,4
1.1233,-0.68639,4
1.2702,-0.76689,4
1.2013,-0.92604,4
1.2218,-0.69291,4
1.3532,-0.75926,4
1.0693,-0.91608,4
1.2824,-0.6508,4
0.99722,-0.89333,4
1.1852,-1.0647,4
0.67083,-1.5878,4
1.3617,-0.79872,4
0.58375,-1.1178,4
1.0482,-0.92884,4
0.91881,-1.0869,4
0.72819,-1.2434,4
1.0788,-0.79558,4
1.0779,-0.89169,4
1.331,-0.66506,4
1.0321,-1.2556,4
1.1355,-0.91263,4
1.057,-0.95077,4
1.3442,-0.83435,4
1.2651,-0.78616,4
1.0025,-1.0792,4
1.0292,-0.85885,4
1.4173,-0.73553,4
0.94384,-0.87003,4
1.2012,-0.84112,4
0.79401,-1.0478,4
0.82131,-0.83811,4
1.2023,-0.82544,4
1.152,-0.67407,4
1.2481,-0.94158,4
0.8515,-0.87564,4
1.2387,-0.96761,4
1.0403,-0.97583,4
0.98887,-1.0532,4
1.3961,-0.83084,4
1.337,-0.90064,4
0.47208,-1.3448,4
1.0836,-1.1189,4
0.8006,-1.3439,4
0.92975,-0.90526,4
0.85126,-1.1215,4
1.381,-0.6371,4
1.2911,-0.8834,4
1.1302,-0.91999,4
1.165,-0.82364,4
1.1074,-0.88951,4
1.1604,-0.62765,4
1.0589,-1.0359,4
0.95814,-1.0545,4
1.1191,-0.79036,4
0.92732,-0.93162,4
0.90751,-1.3418,4
0.93674,-1.1046,4
0.97933,-1.1082,4
1.0019,-1.0006,4
1.5938,-0.44473,4
0.71312,-1.1747,4
0.74865,-1.0518,4
1.0577,-0.89242,4
0.98813,-0.96718,4
0.82876,-1.0126,4
1.0767,-0.87946,4
1.1766,-1.0341,4
0.72943,-1.2066,4
0.90435,-1.3014,4
0.69796,-1.0974,4
1.0196,-1.2682,4
1.0384,-1.0427,4
1.1601,-0.85632,4
0.74522,-1.2136,4
1.0698,-0.68902,4
0.96639,-1.02,4
1.3264,-0.81569,4
1.0719,-0.86199,4
0.87402,-1.2658,4
0.94631,-0.9704,4
0.87425,-1.0691,4
1.3375,-0.77684,4
0.88014,-1.1819,4
0.62316,-1.4688,4
0.9528,-1.2919,4
1.2682,-0.83776,4
1.1556,-0.76792,4
1.0385,-1.0648,4
1.4187,-0.44374,4
0.86217,-1.2326,4
1.0607,-0.66163,4
0.79554,-1.2606,4
0.81522,-1.1378,4
0.91925,-0.87258,4
1.1519,-0.70942,4
1.4817,-0.70801,4
1.1874,-0.74711,4
0.74881,-1.3558,4
0.95189,-1.2694,4
0.86997,-1.0172,4
0.9313,-1.2894,4
1.2768,-1.0618,4
1.0885,-0.93568,4
1.2325,-0.62289,4
1.1415,-0.72,4
0.81405,-1.3537,4
1.2183,-0.81637,4
0.68331,-1.1509,4
1.1876,-0.71522,4
1.1406,-0.67449,4
1.2581,-0.57496,4
0.66704,-1.157,4
0.95224,-1.2312,4
1.0042,-0.99121,4
1.0235,-1.1668,4
1.2055,-0.66558,4
1.1643,-0.63065,4
1.1529,-1.1448,4
1.0419,-0.85309,4
1.3931,-0.72463,4
0.92376,-1.1268,4
1.0237,-1.1005,4
0.86475,-0.9403,4
0.98557,-0.96014,4
1.1702,-0.8768,4
0.71216,-1.1792,4
1.0448,-0.82674,4
0.82767,-1.2582,4
1.1849,-0.95588,4
0.53908,-1.2843,4
0.54139,-1.1614,4
1.3809,-0.51976,4
0.96496,-1.0443,4
0.5384,-1.5572,4
0.60457,-1.6394,4
0.97962,-1.1416,4
1.0721,-0.78871,4
1.0792,-1.0093,4
1.2502,-0.75701,4
1.0781,-0.90742,4
0.98277,-1.3111,4
1.2457,-0.63026,4
1.4828,-0.33193,4
1.0063,-1.0001,4
0.94359,-0.9115,4
1.2435,-0.90286,4
0.88105,-1.0169,4
0.65219,-0.99828,4
0.97503,-0.84356,4
1.0575,-1.0473,4
1.0342,-1.1095,4
0.73779,-1.2074,4
0.86,-1.1465,4
0.84065,-1.1388,4
1.224,-0.64535,4
0.96932,-0.99528,4
1.1523,-0.65102,4
1.1404,-0.89095,4
0.95485,-1.0549,4
0.53546,-1.2731,4
1.0851,-0.87288,4
1.1651,-0.89323,4
0.8235,-1.3586,4
0.99603,-1.1538,4
0.89642,-1.0016,4
1.399,-0.60027,4
0.99283,-1.2038,4
1.0478,-0.9447,4
0.75427,-1.1297,4
0.82754,-1.2996,4
0.68186,-1.3949,4
1.1709,-0.69919,4
1.1424,-1.12,4
0.80575,-1.0987,4
1.6772,-0.31404,4
1.2156,-1.0652,4
1.0952,-0.93969,4
1.4494,-0.79079,4
0.42409,-1.4591,4
0.97864,-1.0744,4
0.99421,-1.2273,4
1.0469,-0.87831,4
0.75649,-1.1188,4
1.1241,-0.98181,4
0.48004,-1.3542,4
1.0252,-1.1607,4
1.1029,-1.0823,4
0.99039,-1.1634,4
1.0854,-0.94484,4
0.8209,-1.2172,4
1.1289,-0.63684,4
0.91214,-1.0815,4
0.61089,-1.2426,4
0.92724,-0.98212,4
0.85461,-1.0688,4
0.75971,-1.1708,4
1.1184,-0.73535,4
1.0095,-1.1492,4
0.94026,-0.82838,4
0.87154,-1.0126,4
1.3932,-0.83329,4
1.2751,-0.62523,4
0.95566,-0.87682,4
1.0203,-0.75317,4
1.3547,-0.76644,4
1.4206,-0.43485,4
1.2586,-0.7529,4
0.92358,-1.2599,4
0.86332,-1.2165,4
1.1763,-0.73045,4
0.79744,-0.92397,4
0.74886,-1.365,4
0.91669,-1.0832,4
1.2242,-0.90514,4
1.0374,-0.71597,4
1.0574,-1.0738,4
1.2638,-0.60464,4
1.055,-1.0392,4
0.73298,-1.1137,4
1.1975,-1.017,4
1.1117,-0.7063,4
0.97927,-1.314,4
0.90313,-1.0358,4
0.87228,-1.0477,4
0.99437,-1.1153,4
0.81226,-1.2839,4
0.87988,-1.0161,4
0.65134,-1.425,4
0.87837,-1.1033,4
0.83742,-1.5132,4
1.1355,-1.1698,4
1.3412,-0.72685,4
1.2428,-0.65057,4
1.2455,-1.0216,4
1.1586,-0.77874,4
1.1282,-0.82846,4
1.1759,-0.93544,4
0.82884,-1.1433,4
1.1954,-0.54465,4
0.71892,-1.4188,4
1.1451,-0.81653,4
0.80478,-1.1317,4
0.7724,-1.1428,4
0.89364,-1.0878,4
0.69449,-1.212,4
1.0037,-1.0308,4
1.2605,-1.0152,4
0.94152,-1.1266,4
1.1163,-0.87327,4
1.038,-0.93401,4
1.2842,-0.68608,4
0.96287,-0.7309,4
1.0687,-1.1668,4
1.5787,-0.43475,4
1.2688,-0.76174,4
0.78099,-1.1843,4
1.2626,-0.8786,4
0.78325,-1.1945,4
1.0023,-0.90636,4
1.0679,-0.88701,4
1.204,-1.0496,4
0.90683,-0.95403,4
1.1261,-0.86315,4
1.415,-0.405,4
0.55312,-1.5156,4
0.74748,-1.304,4
1.2802,-1.007,4
0.93106,-1.0559,4
0.99105,-0.87314,4
1.2167,-0.8873,4
1.5214,-0.64343,4
0.69468,-1.2895,4
0.78682,-1.1961,4
0.98182,-0.87686,4
1.0001,-0.99776,4
1.0251,-1.0446,4
0.92672,-0.97438,4
1.286,-0.94995,4
0.78669,-1.0938,4
1.0478,-0.98871,4
1.2321,-0.52161,4
1.088,-1.0155,4
0.8541,-1.0623,4
1.0283,-0.96097,4
0.92556,-1.2066,4
0.85936,-0.99701,4
1.3173,-1.0405,4
0.95364,-1.3003,4
0.86445,-1.2875,4
